Index,Content
1,A Light in the ...
2,Tipping the Velvet
3,Soumission
4,Sharp Objects
5,Sapiens: A Brief History ...
6,The Requiem Red
7,The Dirty Little Secrets ...
8,The Coming Woman: A ...
9,The Boys in the ...
10,The Black Maria
11,Starving Hearts (Triangular Trade ...
12,Shakespeare's Sonnets
13,Set Me Free
14,Scott Pilgrim's Precious Little ...
15,Rip it Up and ...
16,Our Band Could Be ...
17,Olio
18,Mesaerion: The Best Science ...
19,Libertarianism for Beginners
20,It's Only the Himalayas
